URL,Page title,Page type,Priority,Owner,Interval (days),Last reviewed,Next review,Status,Tripwires,Last outcome,Last substantive update,Notes
https://tallyfold.example/pricing,Tallyfold pricing,Pricing,High,Product marketing,30,2026-09-01,2026-10-01,,"Any price, plan, fee or trial change",Updated,2026-09-01,Plan limits changed on 1 Sep 2026
https://tallyfold.example/compare/tallyfold-vs-brindlework,Tallyfold vs Brindlework,Comparison,High,Product marketing,60,2026-07-20,2026-09-18,,Brindlework changes its pricing or plans; we ship a feature the page compares,Updated,2026-07-20,Sales heard Brindlework is changing its plans
https://tallyfold.example/compare/tallyfold-vs-kestrelyn,Tallyfold vs Kestrelyn,Comparison,Normal,Product marketing,60,2026-08-25,2026-10-24,,Kestrelyn changes its pricing or plans; we ship a feature the page compares,Confirmed,2026-06-02,
https://tallyfold.example/blog/best-invoicing-software-for-agencies,Best invoicing software for agencies,Comparison,High,Content lead,60,2026-08-04,2026-10-03,,A listed tool changes its price or plans; a new tool launches,Updated,2026-08-04,"List of seven tools, each price dated"
https://tallyfold.example/docs/integrations/stripe,Connect Stripe to Tallyfold,Integration doc,High,Docs team,90,2026-06-30,2026-09-28,,Stripe major API release; Stripe dashboard redesign; our Stripe connector changes,Updated,2026-06-30,Check every step and screenshot against Stripe's current API version
https://tallyfold.example/docs/integrations/quickbooks-online,Sync invoices to QuickBooks Online,Integration doc,Normal,Docs team,90,2026-08-12,2026-11-10,,QuickBooks Online API or settings change; our sync rules change,Confirmed,2026-05-14,
https://tallyfold.example/blog/late-payment-statistics,Late payment statistics for agencies,Statistics post,High,Content lead,90,2026-07-06,2026-10-04,,A cited survey publishes a new edition; a source link breaks,Updated,2026-07-06,Nine figures from four sources
https://tallyfold.example/features/retainer-billing,Retainer billing,Feature page,Normal,Product marketing,90,2026-09-10,2026-12-09,,Any release that changes retainer billing,Updated,2026-09-10,
https://tallyfold.example/blog/how-to-write-a-retainer-agreement,How to write a retainer agreement,Evergreen guide,Normal,Content lead,180,2026-04-14,2026-10-11,,A contract or e-signature rule the guide explains changes,Updated,2026-04-14,
https://tallyfold.example/glossary/net-30,What is net 30?,Glossary term,Low,Content lead,365,2025-10-20,2026-10-20,,The term's common meaning shifts,Confirmed,2025-03-03,
